stimulusId,participantId,hoveredAnyBadge,clickedAnyBadge
badge-questionaire-1,5101b146-ce6f-4f61-8818-118229a2308b,False,False
badge-questionaire-1,55c495d2fdf99b2d6cabb691,False,False
badge-questionaire-1,55eb4774748092000baa97ee,False,False
badge-questionaire-1,5d879c06e645c60019847113,False,False
badge-questionaire-1,60cf0d251a90eb823bc9b740,False,False
badge-questionaire-1,65537e14439274fe5036b4d2,False,False
badge-questionaire-1,6697cf02d714e7ee3fdedcec,False,False
badge-questionaire-1,676578e9b3ad38588f8808ba,False,False
badge-questionaire-1,67d088ccec81d322ccede723,False,False
badge-questionaire-1,67eee89119de070d8b864f60,False,False
badge-questionaire-1,782e2f94-ade5-4279-94aa-9dcdb26abbcd,False,False
badge-questionaire-2,5101b146-ce6f-4f61-8818-118229a2308b,False,False
badge-questionaire-2,55c495d2fdf99b2d6cabb691,False,False
badge-questionaire-2,55eb4774748092000baa97ee,False,False
badge-questionaire-2,5d879c06e645c60019847113,False,False
badge-questionaire-2,60cf0d251a90eb823bc9b740,False,False
badge-questionaire-2,65537e14439274fe5036b4d2,False,False
badge-questionaire-2,6697cf02d714e7ee3fdedcec,False,False
badge-questionaire-2,676578e9b3ad38588f8808ba,False,False
badge-questionaire-2,67d088ccec81d322ccede723,False,False
badge-questionaire-2,67eee89119de070d8b864f60,False,False
badge-questionaire-2,782e2f94-ade5-4279-94aa-9dcdb26abbcd,False,False
co2-emissions,5101b146-ce6f-4f61-8818-118229a2308b,True,True
co2-emissions,55c495d2fdf99b2d6cabb691,False,False
co2-emissions,55eb4774748092000baa97ee,True,False
co2-emissions,5d879c06e645c60019847113,False,False
co2-emissions,60cf0d251a90eb823bc9b740,False,False
co2-emissions,65537e14439274fe5036b4d2,False,False
co2-emissions,6697cf02d714e7ee3fdedcec,True,False
co2-emissions,676578e9b3ad38588f8808ba,False,False
co2-emissions,67d088ccec81d322ccede723,False,False
co2-emissions,67eee89119de070d8b864f60,False,False
co2-emissions,782e2f94-ade5-4279-94aa-9dcdb26abbcd,True,True
co2-emissions-footnotes,5827634ea80bf4000199994b,False,False
co2-emissions-footnotes,6369700320bc7dd22e733009,False,False
co2-emissions-footnotes,63956692bbbcfadf1156c3a2,False,False
co2-emissions-footnotes,662e66138060bf4a9db8c159,False,False
co2-emissions-footnotes,667987c18f34110073ae20b7,False,False
co2-emissions-footnotes,66e4e41d14e1d19d88229740,False,False
co2-emissions-footnotes,67f015260f679212b3c34caa,False,False
co2-emissions-footnotes,67f9613e658e3cf579bf5c25,False,False
co2-emissions-footnotes,7b88dea0-0445-4362-b670-01be60f5195b,False,False
consent,5101b146-ce6f-4f61-8818-118229a2308b,False,False
consent,55c495d2fdf99b2d6cabb691,False,False
consent,55eb4774748092000baa97ee,False,False
consent,5827634ea80bf4000199994b,False,False
consent,5d879c06e645c60019847113,False,False
consent,60cf0d251a90eb823bc9b740,False,False
consent,6369700320bc7dd22e733009,False,False
consent,63956692bbbcfadf1156c3a2,False,False
consent,65537e14439274fe5036b4d2,False,False
consent,662e66138060bf4a9db8c159,False,False
consent,667987c18f34110073ae20b7,False,False
consent,6697cf02d714e7ee3fdedcec,False,False
consent,66e4e41d14e1d19d88229740,False,False
consent,676578e9b3ad38588f8808ba,False,False
consent,67d088ccec81d322ccede723,False,False
consent,67eee89119de070d8b864f60,False,False
consent,67f015260f679212b3c34caa,False,False
consent,67f9613e658e3cf579bf5c25,False,False
consent,782e2f94-ade5-4279-94aa-9dcdb26abbcd,False,False
consent,7b88dea0-0445-4362-b670-01be60f5195b,False,False
demographics-custom,5101b146-ce6f-4f61-8818-118229a2308b,False,False
demographics-custom,55c495d2fdf99b2d6cabb691,False,False
demographics-custom,55eb4774748092000baa97ee,False,False
demographics-custom,5827634ea80bf4000199994b,False,False
demographics-custom,5d879c06e645c60019847113,False,False
demographics-custom,60cf0d251a90eb823bc9b740,False,False
demographics-custom,6369700320bc7dd22e733009,False,False
demographics-custom,63956692bbbcfadf1156c3a2,False,False
demographics-custom,65537e14439274fe5036b4d2,False,False
demographics-custom,662e66138060bf4a9db8c159,False,False
demographics-custom,667987c18f34110073ae20b7,False,False
demographics-custom,6697cf02d714e7ee3fdedcec,False,False
demographics-custom,66e4e41d14e1d19d88229740,False,False
demographics-custom,676578e9b3ad38588f8808ba,False,False
demographics-custom,67d088ccec81d322ccede723,False,False
demographics-custom,67eee89119de070d8b864f60,False,False
demographics-custom,67f015260f679212b3c34caa,False,False
demographics-custom,67f9613e658e3cf579bf5c25,False,False
demographics-custom,782e2f94-ade5-4279-94aa-9dcdb26abbcd,False,False
demographics-custom,7b88dea0-0445-4362-b670-01be60f5195b,False,False
example,5101b146-ce6f-4f61-8818-118229a2308b,False,False
example,55c495d2fdf99b2d6cabb691,False,False
example,55eb4774748092000baa97ee,False,False
example,5827634ea80bf4000199994b,False,False
example,5d879c06e645c60019847113,False,False
example,60cf0d251a90eb823bc9b740,False,False
example,6369700320bc7dd22e733009,False,False
example,63956692bbbcfadf1156c3a2,False,False
example,65537e14439274fe5036b4d2,False,False
example,662e66138060bf4a9db8c159,False,False
example,667987c18f34110073ae20b7,False,False
example,6697cf02d714e7ee3fdedcec,False,False
example,66e4e41d14e1d19d88229740,False,False
example,676578e9b3ad38588f8808ba,False,False
example,67d088ccec81d322ccede723,False,False
example,67eee89119de070d8b864f60,False,False
example,67f015260f679212b3c34caa,False,False
example,67f9613e658e3cf579bf5c25,False,False
example,782e2f94-ade5-4279-94aa-9dcdb26abbcd,False,False
example,7b88dea0-0445-4362-b670-01be60f5195b,False,False
footnote-questionaire-1,5827634ea80bf4000199994b,False,False
footnote-questionaire-1,6369700320bc7dd22e733009,False,False
footnote-questionaire-1,63956692bbbcfadf1156c3a2,False,False
footnote-questionaire-1,662e66138060bf4a9db8c159,False,False
footnote-questionaire-1,667987c18f34110073ae20b7,False,False
footnote-questionaire-1,66e4e41d14e1d19d88229740,False,False
footnote-questionaire-1,67f015260f679212b3c34caa,False,False
footnote-questionaire-1,67f9613e658e3cf579bf5c25,False,False
footnote-questionaire-1,7b88dea0-0445-4362-b670-01be60f5195b,False,False
footnote-questionaire-2,5827634ea80bf4000199994b,False,False
footnote-questionaire-2,6369700320bc7dd22e733009,False,False
footnote-questionaire-2,63956692bbbcfadf1156c3a2,False,False
footnote-questionaire-2,662e66138060bf4a9db8c159,False,False
footnote-questionaire-2,667987c18f34110073ae20b7,False,False
footnote-questionaire-2,66e4e41d14e1d19d88229740,False,False
footnote-questionaire-2,67f015260f679212b3c34caa,False,False
footnote-questionaire-2,67f9613e658e3cf579bf5c25,False,False
footnote-questionaire-2,7b88dea0-0445-4362-b670-01be60f5195b,False,False
global-warming-projection,5101b146-ce6f-4f61-8818-118229a2308b,True,True
global-warming-projection,55c495d2fdf99b2d6cabb691,False,False
global-warming-projection,55eb4774748092000baa97ee,True,False
global-warming-projection,5d879c06e645c60019847113,True,True
global-warming-projection,60cf0d251a90eb823bc9b740,False,False
global-warming-projection,65537e14439274fe5036b4d2,True,False
global-warming-projection,6697cf02d714e7ee3fdedcec,True,False
global-warming-projection,676578e9b3ad38588f8808ba,True,False
global-warming-projection,67d088ccec81d322ccede723,False,False
global-warming-projection,67eee89119de070d8b864f60,True,False
global-warming-projection,782e2f94-ade5-4279-94aa-9dcdb26abbcd,True,True
global-warming-projection-footnotes,5827634ea80bf4000199994b,False,False
global-warming-projection-footnotes,6369700320bc7dd22e733009,False,False
global-warming-projection-footnotes,63956692bbbcfadf1156c3a2,False,False
global-warming-projection-footnotes,662e66138060bf4a9db8c159,False,False
global-warming-projection-footnotes,667987c18f34110073ae20b7,False,False
global-warming-projection-footnotes,66e4e41d14e1d19d88229740,False,False
global-warming-projection-footnotes,67f015260f679212b3c34caa,False,False
global-warming-projection-footnotes,67f9613e658e3cf579bf5c25,False,False
global-warming-projection-footnotes,7b88dea0-0445-4362-b670-01be60f5195b,False,False
introduction,5101b146-ce6f-4f61-8818-118229a2308b,False,False
introduction,55c495d2fdf99b2d6cabb691,False,False
introduction,55eb4774748092000baa97ee,False,False
introduction,5827634ea80bf4000199994b,False,False
introduction,5d879c06e645c60019847113,False,False
introduction,60cf0d251a90eb823bc9b740,False,False
introduction,6369700320bc7dd22e733009,False,False
introduction,63956692bbbcfadf1156c3a2,False,False
introduction,65537e14439274fe5036b4d2,False,False
introduction,662e66138060bf4a9db8c159,False,False
introduction,667987c18f34110073ae20b7,False,False
introduction,6697cf02d714e7ee3fdedcec,False,False
introduction,66e4e41d14e1d19d88229740,False,False
introduction,676578e9b3ad38588f8808ba,False,False
introduction,67d088ccec81d322ccede723,False,False
introduction,67eee89119de070d8b864f60,False,False
introduction,67f015260f679212b3c34caa,False,False
introduction,67f9613e658e3cf579bf5c25,False,False
introduction,782e2f94-ade5-4279-94aa-9dcdb26abbcd,False,False
introduction,7b88dea0-0445-4362-b670-01be60f5195b,False,False
pre-example,5101b146-ce6f-4f61-8818-118229a2308b,False,False
pre-example,55c495d2fdf99b2d6cabb691,False,False
pre-example,55eb4774748092000baa97ee,False,False
pre-example,5827634ea80bf4000199994b,False,False
pre-example,5d879c06e645c60019847113,False,False
pre-example,60cf0d251a90eb823bc9b740,False,False
pre-example,6369700320bc7dd22e733009,False,False
pre-example,63956692bbbcfadf1156c3a2,False,False
pre-example,65537e14439274fe5036b4d2,False,False
pre-example,662e66138060bf4a9db8c159,False,False
pre-example,667987c18f34110073ae20b7,False,False
pre-example,6697cf02d714e7ee3fdedcec,False,False
pre-example,66e4e41d14e1d19d88229740,False,False
pre-example,676578e9b3ad38588f8808ba,False,False
pre-example,67d088ccec81d322ccede723,False,False
pre-example,67eee89119de070d8b864f60,False,False
pre-example,67f015260f679212b3c34caa,False,False
pre-example,67f9613e658e3cf579bf5c25,False,False
pre-example,782e2f94-ade5-4279-94aa-9dcdb26abbcd,False,False
pre-example,7b88dea0-0445-4362-b670-01be60f5195b,False,False
pre-questionnaire,5101b146-ce6f-4f61-8818-118229a2308b,False,False
pre-questionnaire,55c495d2fdf99b2d6cabb691,False,False
pre-questionnaire,55eb4774748092000baa97ee,False,False
pre-questionnaire,5827634ea80bf4000199994b,False,False
pre-questionnaire,5d879c06e645c60019847113,False,False
pre-questionnaire,60cf0d251a90eb823bc9b740,False,False
pre-questionnaire,6369700320bc7dd22e733009,False,False
pre-questionnaire,63956692bbbcfadf1156c3a2,False,False
pre-questionnaire,65537e14439274fe5036b4d2,False,False
pre-questionnaire,662e66138060bf4a9db8c159,False,False
pre-questionnaire,667987c18f34110073ae20b7,False,False
pre-questionnaire,6697cf02d714e7ee3fdedcec,False,False
pre-questionnaire,66e4e41d14e1d19d88229740,False,False
pre-questionnaire,676578e9b3ad38588f8808ba,False,False
pre-questionnaire,67d088ccec81d322ccede723,False,False
pre-questionnaire,67eee89119de070d8b864f60,False,False
pre-questionnaire,67f015260f679212b3c34caa,False,False
pre-questionnaire,67f9613e658e3cf579bf5c25,False,False
pre-questionnaire,782e2f94-ade5-4279-94aa-9dcdb26abbcd,False,False
pre-questionnaire,7b88dea0-0445-4362-b670-01be60f5195b,False,False
