group,participantId,stimulusId,speech
footnote,bf287135-ddbb-473a-a940-8e836a11d9c1,co2-emissions,"Lorem ipsum dolor sit amet, consectetur adipiscing elit. Nam eu bibendum arcu, id ultricies risus. Cras at nisl faucibus, volutpat urna eget, tempus nulla. Donec rhoncus mollis sodales. Morbi convallis euismod magna, quis fermentum nibh pharetra id. Praesent rhoncus sodales ipsum ut accumsan. Cras hendrerit fermentum felis at ornare. Etiam dapibus elit vel gravida lobortis. Etiam viverra tincidunt sapien, in euismod metus egestas sit amet. Etiam et tempus felis. Aliquam nec ante eu augue fringilla eleifend. Aenean ac tortor vitae nulla imperdiet condimentum et vitae massa. Curabitur porta risus nunc, eget aliquam nisl mattis ac. Donec fringilla purus sit amet aliquet accumsan. Etiam ac ligula imperdiet, viverra lacus vel, molestie justo. Suspendisse finibus magna sit"
footnote,bf287135-ddbb-473a-a940-8e836a11d9c1,global-warming-projection,"Lorem ipsum dolor sit amet, consectetur adipiscing elit. Nam eu bibendum arcu, id ultricies risus. Cras at nisl faucibus, volutpat urna eget, tempus nulla. Donec rhoncus mollis sodales. Morbi convallis euismod magna, quis fermentum nibh pharetra id. Praesent rhoncus sodales ipsum ut accumsan. Cras hendrerit fermentum felis at ornare. Etiam dapibus elit vel gravida lobortis. Etiam viverra tincidunt sapien, in euismod metus egestas sit amet. Etiam et tempus felis. Aliquam nec ante eu augue fringilla eleifend. Aenean ac tortor vitae nulla imperdiet condimentum et vitae massa. Curabitur porta risus nunc, eget aliquam nisl mattis ac. Donec fringilla purus sit amet aliquet accumsan. Etiam ac ligula imperdiet, viverra lacus vel, molestie justo. Suspendisse finibus magna sit"
badge,8ec3a0fa-bb20-490e-908b-e70ed9138156,co2-emissions,"Lorem ipsum dolor sit amet, consectetur adipiscing elit. Nam eu bibendum arcu, id ultricies risus. Cras at nisl faucibus, volutpat urna eget, tempus nulla. Donec rhoncus mollis sodales. Morbi convallis euismod magna, quis fermentum nibh pharetra id. Praesent rhoncus sodales ipsum ut accumsan. Cras hendrerit fermentum felis at ornare. Etiam dapibus elit vel gravida lobortis. Etiam viverra tincidunt sapien, in euismod metus egestas sit amet. Etiam et tempus felis. Aliquam nec ante eu augue fringilla eleifend. Aenean ac tortor vitae nulla imperdiet condimentum et vitae massa. Curabitur porta risus nunc, eget aliquam nisl mattis ac. Donec fringilla purus sit amet aliquet accumsan. Etiam ac ligula imperdiet, viverra lacus vel, molestie justo. Suspendisse finibus magna sit"
badge,8ec3a0fa-bb20-490e-908b-e70ed9138156,global-warming-projection,"Lorem ipsum dolor sit amet, consectetur adipiscing elit. Nam eu bibendum arcu, id ultricies risus. Cras at nisl faucibus, volutpat urna eget, tempus nulla. Donec rhoncus mollis sodales. Morbi convallis euismod magna, quis fermentum nibh pharetra id. Praesent rhoncus sodales ipsum ut accumsan. Cras hendrerit fermentum felis at ornare. Etiam dapibus elit vel gravida lobortis. Etiam viverra tincidunt sapien, in euismod metus egestas sit amet. Etiam et tempus felis. Aliquam nec ante eu augue fringilla eleifend. Aenean ac tortor vitae nulla imperdiet condimentum et vitae massa. Curabitur porta risus nunc, eget aliquam nisl mattis ac. Donec fringilla purus sit amet aliquet accumsan. Etiam ac ligula imperdiet, viverra lacus vel, molestie justo. Suspendisse finibus magna sit"
