group,participantId,notice-comments,experience-with-badges,ease-of-understanding,considered-in-notes,most-least-useful,overall-help,final-comments
footnote,2b69160b-3a1e-4ad9-9039-f3758f20b569,,,"The first one was quite clear.
For the second example, a lot of context information should have been present ahead of the chart instead of just on footnotes.","Yes, it helped me understood what I was looking on and so, what to write, especially on the second chart.",,"Yes, as I stated previously it helped me understood what I was looking on",
badge,37b66c79-da74-498e-9567-c79c5d7efd41,"I spontaneously hovered over the warning badges much more often than the informative ones.
My attention was more focused on the data.","For one of the charts, I noticed a badge indicating that some of the data was somewhat outdated. For the elements displayed, it made sense to mention this in the description.",I didn't read everything but the one I read was very easy to understand and I was happy that the description was short.,Only in the case mentioned above — the one where the data might be outdated.,"As mentioned above, I didn't really pay attention to the blue badges. I mainly noticed the warnings. ","The badges helped to contextualize the visualization but I wouldn't say that it helped understanding it. 
I was happy to have access to this additionnal data in such a way that didn't overwhelmed the chart.",
footnote,4798e3dc-4588-41b2-8e23-9f43d695c79e,,,"Not easy enough for me to continue reading them after I realized I did not have some of the vocabulary nor understood most of the abbreviations which weren't explained (and mostly had to guess what they meant along the way, especially for the IPCC scenario stuff).","not at all. For the bar chart, since I could not make out what everything meant, I would not use an information I can't fully understand.",,The only way it did was for the bar chart to give me some clues as what could be the meaning of the acronyms.,"Footnotes are only useful to their destined audience. If the goal is to help people from any background understand it, it should hold all the disambiguation needed to even comprehend the footnote itself. Otherwise it just excludes the profanes. "
badge,0b6ad5e0-be61-411e-980c-c773e0482c66,,"When it was positive, I did not mentioned it, but when it was negative, I said so in the text box. ",Easy,Yes,I don't remember ,"Not really, it just triggers some critical thinking ",
