participantId,group,introduction,consent,pre-example,example,co2-emissions (s),global-warming-projection (s),pre-questionnaire,badge-questionaire-1,badge-questionaire-2,demographics-custom,footnote-questionaire-1,footnote-questionaire-2,total (s)
60cf0d251a90eb823bc9b740,badge,3.103,2.928,8.863,32.855,264.629,221.47,4.099,150.591,41.78,26.661,0.0,0.0,756.979
6369700320bc7dd22e733009,footnote,22.432,9.58,30.043,116.786,295.137,333.849,5.361,0.0,0.0,30.414,97.401,21.521,962.524
68512cccc181885f826ee82f,footnote,2.58,1.82,2.169,1.426,2.445,5.15,1.341,0.0,0.0,11.216,9.318,8.955,46.42
7b88dea0-0445-4362-b670-01be60f5195b,footnote,10.223,172.694,6.274,142.597,109.427,383.473,3.608,0.0,0.0,44.22,189.244,78.058,1139.818
782e2f94-ade5-4279-94aa-9dcdb26abbcd,badge,34.991,89.941,13.487,82.871,281.674,413.173,4.79,283.704,232.772,29.46,0.0,0.0,1466.863
5101b146-ce6f-4f61-8818-118229a2308b,badge,5.65,26.834,39.602,87.872,770.745,732.861,3.003,273.844,27.075,34.136,0.0,0.0,2001.622
