[
  {
    "participantId": "770c1617-ec18-4c3d-af25-f6ac558d631f",
    "sequence": {
      "orderPath": "root",
      "order": "fixed",
      "components": [
        {
          "id": "group-assignment",
          "orderPath": "root-4",
          "order": "latinSquare",
          "components": [
            {
              "id": "badge-group",
              "orderPath": "root-4-0",
              "order": "fixed",
              "components": [
                {
                  "orderPath": "root-4-0-0",
                  "order": "random",
                  "components": [
                    "co2-emissions-badges",
                    "global-warming-projection-badges"
                  ]
                },
                "badge-questionaire-1",
                "badge-questionaire-2",
                "demographics-custom"
              ]
            }
          ]
        },
        "end"
      ]
    },
    "participantIndex": 2,
    "answers": {
      "co2-emissions-badges_4": {
        "identifier": "co2-emissions-badges_4",
        "answer": {
          "main-observations": "Hic sedet Julia.",
          "badgeStats": {
            "Missing Data": {
              "badgeName": "Missing Data",
              "clicks": 1,
              "timeSpent": 2399
            },
            "CC BY Licence": {
              "badgeName": "CC BY Licence",
              "clicks": 0,
              "timeSpent": 2759
            },
            "Definition: CO₂ emissions": {
              "badgeName": "Definition: CO₂ emissions",
              "clicks": 0,
              "timeSpent": 3512
            }
          },
          "totalBadgeClicks": 1,
          "totalBadgeTimeSpent": 8670,
          "badgeTrackingData": {
            "summary": {
              "totalInteractions": 31,
              "totalClicks": 1,
              "totalTimeSpent": 8670,
              "totalTimeOnBadges": 7462,
              "uniqueBadgesInteracted": 1,
              "sessionDuration": 22608,
              "averageTimeBetweenInteractions": 753.6,
              "interactionRate": 1.3711960368011322
            },
            "badgeInteractions": {
              "5": {
                "badgeId": "5",
                "badgeLabel": "Definition: CO₂ emissions",
                "badgeType": "BINARY",
                "badgeCategory": "DATA",
                "badgeTopics": [
                  "Definition",
                  "Coverage"
                ],
                "hasDetailedInfo": true,
                "hasExternalLink": false,
                "totalInteractions": 12,
                "totalClicks": 0,
                "totalHoverStarts": 6,
                "totalHoverEnds": 6,
                "totalDrawerOpens": 0,
                "totalDrawerCloses": 0,
                "totalTimeSpent": 3512,
                "totalHoverTime": 3512,
                "totalDrawerTime": 0,
                "interactions": [
                  {
                    "interactionId": "5_1759499834150",
                    "interactionType": "hover_start",
                    "timestamp": 1759499834150,
                    "duration": 0,
                    "timeSinceLastInteraction": 148,
                    "totalInteractionsInSession": 10,
                    "previousInteractionType": "hover_end",
                    "sessionDuration": 3135,
                    "drawerOpen": false,
                    "tooltipVisible": true,
                    "otherBadgesInteracted": [
                      "Missing Data"
                    ],
                    "viewportWidth": 1512,
                    "viewportHeight": 823
                  },
                  {
                    "interactionId": "5_1759499835984",
                    "interactionType": "hover_end",
                    "timestamp": 1759499835984,
                    "duration": 1834,
                    "timeSinceLastInteraction": 1834,
                    "totalInteractionsInSession": 11,
                    "previousInteractionType": "hover_start",
                    "sessionDuration": 4969,
                    "drawerOpen": false,
                    "tooltipVisible": false,
                    "otherBadgesInteracted": [
                      "Missing Data"
                    ],
                    "viewportWidth": 1512,
                    "viewportHeight": 823
                  },
                  {
                    "interactionId": "5_1759499837589",
                    "interactionType": "hover_start",
                    "timestamp": 1759499837589,
                    "duration": 0,
                    "timeSinceLastInteraction": 13,
                    "totalInteractionsInSession": 14,
                    "previousInteractionType": "hover_end",
                    "sessionDuration": 6574,
                    "drawerOpen": false,
                    "tooltipVisible": true,
                    "otherBadgesInteracted": [
                      "Missing Data"
                    ],
                    "viewportWidth": 1512,
                    "viewportHeight": 823
                  },
                  {
                    "interactionId": "5_1759499838293",
                    "interactionType": "hover_end",
                    "timestamp": 1759499838293,
                    "duration": 704,
                    "timeSinceLastInteraction": 704,
                    "totalInteractionsInSession": 15,
                    "previousInteractionType": "hover_start",
                    "sessionDuration": 7278,
                    "drawerOpen": false,
                    "tooltipVisible": false,
                    "otherBadgesInteracted": [
                      "Missing Data"
                    ],
                    "viewportWidth": 1512,
                    "viewportHeight": 823
                  },
                  {
                    "interactionId": "5_1759499838754",
                    "interactionType": "hover_start",
                    "timestamp": 1759499838754,
                    "duration": 0,
                    "timeSinceLastInteraction": 8,
                    "totalInteractionsInSession": 18,
                    "previousInteractionType": "hover_end",
                    "sessionDuration": 7739,
                    "drawerOpen": false,
                    "tooltipVisible": true,
                    "otherBadgesInteracted": [
                      "Missing Data"
                    ],
                    "viewportWidth": 1512,
                    "viewportHeight": 823
                  },
                  {
                    "interactionId": "5_1759499839195",
                    "interactionType": "hover_end",
                    "timestamp": 1759499839195,
                    "duration": 441,
                    "timeSinceLastInteraction": 441,
                    "totalInteractionsInSession": 19,
                    "previousInteractionType": "hover_start",
                    "sessionDuration": 8180,
                    "drawerOpen": false,
                    "tooltipVisible": false,
                    "otherBadgesInteracted": [
                      "Missing Data"
                    ],
                    "viewportWidth": 1512,
                    "viewportHeight": 823
                  },
                  {
                    "interactionId": "5_1759499839487",
                    "interactionType": "hover_start",
                    "timestamp": 1759499839487,
                    "duration": 0,
                    "timeSinceLastInteraction": 8,
                    "totalInteractionsInSession": 22,
                    "previousInteractionType": "hover_end",
                    "sessionDuration": 8472,
                    "drawerOpen": false,
                    "tooltipVisible": true,
                    "otherBadgesInteracted": [
                      "Missing Data"
                    ],
                    "viewportWidth": 1512,
                    "viewportHeight": 823
                  },
                  {
                    "interactionId": "5_1759499839738",
                    "interactionType": "hover_end",
                    "timestamp": 1759499839738,
                    "duration": 251,
                    "timeSinceLastInteraction": 251,
                    "totalInteractionsInSession": 23,
                    "previousInteractionType": "hover_start",
                    "sessionDuration": 8723,
                    "drawerOpen": false,
                    "tooltipVisible": false,
                    "otherBadgesInteracted": [
                      "Missing Data"
                    ],
                    "viewportWidth": 1512,
                    "viewportHeight": 823
                  },
                  {
                    "interactionId": "5_1759499839980",
                    "interactionType": "hover_start",
                    "timestamp": 1759499839980,
                    "duration": 0,
                    "timeSinceLastInteraction": 1,
                    "totalInteractionsInSession": 26,
                    "previousInteractionType": "hover_end",
                    "sessionDuration": 8965,
                    "drawerOpen": false,
                    "tooltipVisible": true,
                    "otherBadgesInteracted": [
                      "Missing Data"
                    ],
                    "viewportWidth": 1512,
                    "viewportHeight": 823
                  },
                  {
                    "interactionId": "5_1759499840245",
                    "interactionType": "hover_end",
                    "timestamp": 1759499840245,
                    "duration": 265,
                    "timeSinceLastInteraction": 265,
                    "totalInteractionsInSession": 27,
                    "previousInteractionType": "hover_start",
                    "sessionDuration": 9230,
                    "drawerOpen": false,
                    "tooltipVisible": false,
                    "otherBadgesInteracted": [
                      "Missing Data"
                    ],
                    "viewportWidth": 1512,
                    "viewportHeight": 823
                  },
                  {
                    "interactionId": "5_1759499840437",
                    "interactionType": "hover_start",
                    "timestamp": 1759499840437,
                    "duration": 0,
                    "timeSinceLastInteraction": 8,
                    "totalInteractionsInSession": 30,
                    "previousInteractionType": "hover_end",
                    "sessionDuration": 9422,
                    "drawerOpen": false,
                    "tooltipVisible": true,
                    "otherBadgesInteracted": [
                      "Missing Data"
                    ],
                    "viewportWidth": 1512,
                    "viewportHeight": 823
                  },
                  {
                    "interactionId": "5_1759499840454",
                    "interactionType": "hover_end",
                    "timestamp": 1759499840454,
                    "duration": 17,
                    "timeSinceLastInteraction": 17,
                    "totalInteractionsInSession": 31,
                    "previousInteractionType": "hover_start",
                    "sessionDuration": 9439,
                    "drawerOpen": false,
                    "tooltipVisible": false,
                    "otherBadgesInteracted": [
                      "Missing Data"
                    ],
                    "viewportWidth": 1512,
                    "viewportHeight": 823
                  }
                ],
                "firstInteractionTime": 1759499834150,
                "lastInteractionTime": 1759499840454,
                "firstInteractionType": "hover_start",
                "lastInteractionType": "hover_end"
              },
              "8": {
                "badgeId": "8",
                "badgeLabel": "CC BY Licence",
                "badgeType": "BINARY",
                "badgeCategory": "INFORMATION",
                "badgeTopics": [
                  "License"
                ],
                "hasDetailedInfo": true,
                "hasExternalLink": false,
                "totalInteractions": 12,
                "totalClicks": 0,
                "totalHoverStarts": 6,
                "totalHoverEnds": 6,
                "totalDrawerOpens": 0,
                "totalDrawerCloses": 0,
                "totalTimeSpent": 2759,
                "totalHoverTime": 2759,
                "totalDrawerTime": 0,
                "interactions": [
                  {
                    "interactionId": "8_1759499833939",
                    "interactionType": "hover_start",
                    "timestamp": 1759499833939,
                    "duration": 0,
                    "timeSinceLastInteraction": 333,
                    "totalInteractionsInSession": 8,
                    "previousInteractionType": "drawer_close",
                    "sessionDuration": 2924,
                    "drawerOpen": false,
                    "tooltipVisible": true,
                    "otherBadgesInteracted": [
                      "Missing Data"
                    ],
                    "viewportWidth": 1512,
                    "viewportHeight": 823
                  },
                  {
                    "interactionId": "8_1759499834002",
                    "interactionType": "hover_end",
                    "timestamp": 1759499834002,
                    "duration": 63,
                    "timeSinceLastInteraction": 63,
                    "totalInteractionsInSession": 9,
                    "previousInteractionType": "hover_start",
                    "sessionDuration": 2987,
                    "drawerOpen": false,
                    "tooltipVisible": false,
                    "otherBadgesInteracted": [
                      "Missing Data"
                    ],
                    "viewportWidth": 1512,
                    "viewportHeight": 823
                  },
                  {
                    "interactionId": "8_1759499835996",
                    "interactionType": "hover_start",
                    "timestamp": 1759499835996,
                    "duration": 0,
                    "timeSinceLastInteraction": 12,
                    "totalInteractionsInSession": 12,
                    "previousInteractionType": "hover_end",
                    "sessionDuration": 4981,
                    "drawerOpen": false,
                    "tooltipVisible": true,
                    "otherBadgesInteracted": [
                      "Missing Data"
                    ],
                    "viewportWidth": 1512,
                    "viewportHeight": 823
                  },
                  {
                    "interactionId": "8_1759499837576",
                    "interactionType": "hover_end",
                    "timestamp": 1759499837576,
                    "duration": 1580,
                    "timeSinceLastInteraction": 1580,
                    "totalInteractionsInSession": 13,
                    "previousInteractionType": "hover_start",
                    "sessionDuration": 6561,
                    "drawerOpen": false,
                    "tooltipVisible": false,
                    "otherBadgesInteracted": [
                      "Missing Data"
                    ],
                    "viewportWidth": 1512,
                    "viewportHeight": 823
                  },
                  {
                    "interactionId": "8_1759499838306",
                    "interactionType": "hover_start",
                    "timestamp": 1759499838306,
                    "duration": 0,
                    "timeSinceLastInteraction": 13,
                    "totalInteractionsInSession": 16,
                    "previousInteractionType": "hover_end",
                    "sessionDuration": 7291,
                    "drawerOpen": false,
                    "tooltipVisible": true,
                    "otherBadgesInteracted": [
                      "Missing Data"
                    ],
                    "viewportWidth": 1512,
                    "viewportHeight": 823
                  },
                  {
                    "interactionId": "8_1759499838746",
                    "interactionType": "hover_end",
                    "timestamp": 1759499838746,
                    "duration": 440,
                    "timeSinceLastInteraction": 440,
                    "totalInteractionsInSession": 17,
                    "previousInteractionType": "hover_start",
                    "sessionDuration": 7731,
                    "drawerOpen": false,
                    "tooltipVisible": false,
                    "otherBadgesInteracted": [
                      "Missing Data"
                    ],
                    "viewportWidth": 1512,
                    "viewportHeight": 823
                  },
                  {
                    "interactionId": "8_1759499839228",
                    "interactionType": "hover_start",
                    "timestamp": 1759499839228,
                    "duration": 0,
                    "timeSinceLastInteraction": 33,
                    "totalInteractionsInSession": 20,
                    "previousInteractionType": "hover_end",
                    "sessionDuration": 8213,
                    "drawerOpen": false,
                    "tooltipVisible": true,
                    "otherBadgesInteracted": [
                      "Missing Data"
                    ],
                    "viewportWidth": 1512,
                    "viewportHeight": 823
                  },
                  {
                    "interactionId": "8_1759499839479",
                    "interactionType": "hover_end",
                    "timestamp": 1759499839479,
                    "duration": 251,
                    "timeSinceLastInteraction": 251,
                    "totalInteractionsInSession": 21,
                    "previousInteractionType": "hover_start",
                    "sessionDuration": 8464,
                    "drawerOpen": false,
                    "tooltipVisible": false,
                    "otherBadgesInteracted": [
                      "Missing Data"
                    ],
                    "viewportWidth": 1512,
                    "viewportHeight": 823
                  },
                  {
                    "interactionId": "8_1759499839738",
                    "interactionType": "hover_start",
                    "timestamp": 1759499839738,
                    "duration": 0,
                    "timeSinceLastInteraction": 0,
                    "totalInteractionsInSession": 24,
                    "previousInteractionType": "hover_end",
                    "sessionDuration": 8723,
                    "drawerOpen": false,
                    "tooltipVisible": true,
                    "otherBadgesInteracted": [
                      "Missing Data"
                    ],
                    "viewportWidth": 1512,
                    "viewportHeight": 823
                  },
                  {
                    "interactionId": "8_1759499839979",
                    "interactionType": "hover_end",
                    "timestamp": 1759499839979,
                    "duration": 241,
                    "timeSinceLastInteraction": 241,
                    "totalInteractionsInSession": 25,
                    "previousInteractionType": "hover_start",
                    "sessionDuration": 8964,
                    "drawerOpen": false,
                    "tooltipVisible": false,
                    "otherBadgesInteracted": [
                      "Missing Data"
                    ],
                    "viewportWidth": 1512,
                    "viewportHeight": 823
                  },
                  {
                    "interactionId": "8_1759499840245",
                    "interactionType": "hover_start",
                    "timestamp": 1759499840245,
                    "duration": 0,
                    "timeSinceLastInteraction": 0,
                    "totalInteractionsInSession": 28,
                    "previousInteractionType": "hover_end",
                    "sessionDuration": 9230,
                    "drawerOpen": false,
                    "tooltipVisible": true,
                    "otherBadgesInteracted": [
                      "Missing Data"
                    ],
                    "viewportWidth": 1512,
                    "viewportHeight": 823
                  },
                  {
                    "interactionId": "8_1759499840429",
                    "interactionType": "hover_end",
                    "timestamp": 1759499840429,
                    "duration": 184,
                    "timeSinceLastInteraction": 184,
                    "totalInteractionsInSession": 29,
                    "previousInteractionType": "hover_start",
                    "sessionDuration": 9414,
                    "drawerOpen": false,
                    "tooltipVisible": false,
                    "otherBadgesInteracted": [
                      "Missing Data"
                    ],
                    "viewportWidth": 1512,
                    "viewportHeight": 823
                  }
                ],
                "firstInteractionTime": 1759499833939,
                "lastInteractionTime": 1759499840429,
                "firstInteractionType": "hover_start",
                "lastInteractionType": "hover_end"
              },
              "10": {
                "badgeId": "10",
                "badgeLabel": "Missing Data",
                "badgeType": "BINARY",
                "badgeCategory": "DATA",
                "badgeTopics": [
                  "Coverage",
                  "Exclusions"
                ],
                "hasDetailedInfo": true,
                "hasExternalLink": false,
                "totalInteractions": 7,
                "totalClicks": 1,
                "totalHoverStarts": 2,
                "totalHoverEnds": 2,
                "totalDrawerOpens": 1,
                "totalDrawerCloses": 1,
                "totalTimeSpent": 2399,
                "totalHoverTime": 1191,
                "totalDrawerTime": 1208,
                "interactions": [
                  {
                    "interactionId": "10_1759499831015",
                    "interactionType": "hover_start",
                    "timestamp": 1759499831015,
                    "duration": 0,
                    "timeSinceLastInteraction": 0,
                    "totalInteractionsInSession": 1,
                    "previousInteractionType": null,
                    "sessionDuration": 0,
                    "drawerOpen": false,
                    "tooltipVisible": true,
                    "otherBadgesInteracted": [],
                    "viewportWidth": 1512,
                    "viewportHeight": 823
                  },
                  {
                    "interactionId": "10_1759499831054",
                    "interactionType": "hover_end",
                    "timestamp": 1759499831054,
                    "duration": 39,
                    "timeSinceLastInteraction": 39,
                    "totalInteractionsInSession": 2,
                    "previousInteractionType": "hover_start",
                    "sessionDuration": 39,
                    "drawerOpen": false,
                    "tooltipVisible": false,
                    "otherBadgesInteracted": [],
                    "viewportWidth": 1512,
                    "viewportHeight": 823
                  },
                  {
                    "interactionId": "10_1759499831272",
                    "interactionType": "hover_start",
                    "timestamp": 1759499831272,
                    "duration": 0,
                    "timeSinceLastInteraction": 218,
                    "totalInteractionsInSession": 3,
                    "previousInteractionType": "hover_end",
                    "sessionDuration": 257,
                    "drawerOpen": false,
                    "tooltipVisible": true,
                    "otherBadgesInteracted": [],
                    "viewportWidth": 1512,
                    "viewportHeight": 823
                  },
                  {
                    "interactionId": "10_1759499832398",
                    "interactionType": "click",
                    "timestamp": 1759499832398,
                    "duration": 0,
                    "timeSinceLastInteraction": 1126,
                    "totalInteractionsInSession": 4,
                    "previousInteractionType": "hover_start",
                    "sessionDuration": 1383,
                    "drawerOpen": false,
                    "tooltipVisible": true,
                    "otherBadgesInteracted": [],
                    "viewportWidth": 1512,
                    "viewportHeight": 823
                  },
                  {
                    "interactionId": "10_1759499832398",
                    "interactionType": "drawer_open",
                    "timestamp": 1759499832398,
                    "duration": 0,
                    "timeSinceLastInteraction": 0,
                    "totalInteractionsInSession": 5,
                    "previousInteractionType": "click",
                    "sessionDuration": 1383,
                    "drawerOpen": true,
                    "tooltipVisible": true,
                    "otherBadgesInteracted": [
                      "Missing Data"
                    ],
                    "viewportWidth": 1512,
                    "viewportHeight": 823
                  },
                  {
                    "interactionId": "10_1759499832424",
                    "interactionType": "hover_end",
                    "timestamp": 1759499832424,
                    "duration": 1152,
                    "timeSinceLastInteraction": 26,
                    "totalInteractionsInSession": 6,
                    "previousInteractionType": "drawer_open",
                    "sessionDuration": 1409,
                    "drawerOpen": true,
                    "tooltipVisible": false,
                    "otherBadgesInteracted": [
                      "Missing Data"
                    ],
                    "viewportWidth": 1512,
                    "viewportHeight": 823
                  },
                  {
                    "interactionId": "10_1759499833606",
                    "interactionType": "drawer_close",
                    "timestamp": 1759499833606,
                    "duration": 1208,
                    "timeSinceLastInteraction": 1182,
                    "totalInteractionsInSession": 7,
                    "previousInteractionType": "hover_end",
                    "sessionDuration": 2591,
                    "drawerOpen": false,
                    "tooltipVisible": false,
                    "otherBadgesInteracted": [
                      "Missing Data"
                    ],
                    "viewportWidth": 1512,
                    "viewportHeight": 823
                  }
                ],
                "firstInteractionTime": 1759499831015,
                "lastInteractionTime": 1759499833606,
                "firstInteractionType": "hover_start",
                "lastInteractionType": "drawer_close"
              }
            },
            "badgeStats": {
              "Missing Data": {
                "badgeName": "Missing Data",
                "clicks": 1,
                "timeSpent": 2399
              },
              "CC BY Licence": {
                "badgeName": "CC BY Licence",
                "clicks": 0,
                "timeSpent": 2759
              },
              "Definition: CO₂ emissions": {
                "badgeName": "Definition: CO₂ emissions",
                "clicks": 0,
                "timeSpent": 3512
              }
            },
            "clickCounts": {
              "Missing Data": 1
            },
            "sessionStartTime": 1759499831015,
            "sessionEndTime": 1759499853623
          },
          "badgeInteractions": {
            "5": {
              "badgeId": "5",
              "badgeLabel": "Definition: CO₂ emissions",
              "badgeType": "BINARY",
              "badgeCategory": "DATA",
              "badgeTopics": [
                "Definition",
                "Coverage"
              ],
              "hasDetailedInfo": true,
              "hasExternalLink": false,
              "totalInteractions": 12,
              "totalClicks": 0,
              "totalHoverStarts": 6,
              "totalHoverEnds": 6,
              "totalDrawerOpens": 0,
              "totalDrawerCloses": 0,
              "totalTimeSpent": 3512,
              "totalHoverTime": 3512,
              "totalDrawerTime": 0,
              "interactions": [
                {
                  "interactionId": "5_1759499834150",
                  "interactionType": "hover_start",
                  "timestamp": 1759499834150,
                  "duration": 0,
                  "timeSinceLastInteraction": 148,
                  "totalInteractionsInSession": 10,
                  "previousInteractionType": "hover_end",
                  "sessionDuration": 3135,
                  "drawerOpen": false,
                  "tooltipVisible": true,
                  "otherBadgesInteracted": [
                    "Missing Data"
                  ],
                  "viewportWidth": 1512,
                  "viewportHeight": 823
                },
                {
                  "interactionId": "5_1759499835984",
                  "interactionType": "hover_end",
                  "timestamp": 1759499835984,
                  "duration": 1834,
                  "timeSinceLastInteraction": 1834,
                  "totalInteractionsInSession": 11,
                  "previousInteractionType": "hover_start",
                  "sessionDuration": 4969,
                  "drawerOpen": false,
                  "tooltipVisible": false,
                  "otherBadgesInteracted": [
                    "Missing Data"
                  ],
                  "viewportWidth": 1512,
                  "viewportHeight": 823
                },
                {
                  "interactionId": "5_1759499837589",
                  "interactionType": "hover_start",
                  "timestamp": 1759499837589,
                  "duration": 0,
                  "timeSinceLastInteraction": 13,
                  "totalInteractionsInSession": 14,
                  "previousInteractionType": "hover_end",
                  "sessionDuration": 6574,
                  "drawerOpen": false,
                  "tooltipVisible": true,
                  "otherBadgesInteracted": [
                    "Missing Data"
                  ],
                  "viewportWidth": 1512,
                  "viewportHeight": 823
                },
                {
                  "interactionId": "5_1759499838293",
                  "interactionType": "hover_end",
                  "timestamp": 1759499838293,
                  "duration": 704,
                  "timeSinceLastInteraction": 704,
                  "totalInteractionsInSession": 15,
                  "previousInteractionType": "hover_start",
                  "sessionDuration": 7278,
                  "drawerOpen": false,
                  "tooltipVisible": false,
                  "otherBadgesInteracted": [
                    "Missing Data"
                  ],
                  "viewportWidth": 1512,
                  "viewportHeight": 823
                },
                {
                  "interactionId": "5_1759499838754",
                  "interactionType": "hover_start",
                  "timestamp": 1759499838754,
                  "duration": 0,
                  "timeSinceLastInteraction": 8,
                  "totalInteractionsInSession": 18,
                  "previousInteractionType": "hover_end",
                  "sessionDuration": 7739,
                  "drawerOpen": false,
                  "tooltipVisible": true,
                  "otherBadgesInteracted": [
                    "Missing Data"
                  ],
                  "viewportWidth": 1512,
                  "viewportHeight": 823
                },
                {
                  "interactionId": "5_1759499839195",
                  "interactionType": "hover_end",
                  "timestamp": 1759499839195,
                  "duration": 441,
                  "timeSinceLastInteraction": 441,
                  "totalInteractionsInSession": 19,
                  "previousInteractionType": "hover_start",
                  "sessionDuration": 8180,
                  "drawerOpen": false,
                  "tooltipVisible": false,
                  "otherBadgesInteracted": [
                    "Missing Data"
                  ],
                  "viewportWidth": 1512,
                  "viewportHeight": 823
                },
                {
                  "interactionId": "5_1759499839487",
                  "interactionType": "hover_start",
                  "timestamp": 1759499839487,
                  "duration": 0,
                  "timeSinceLastInteraction": 8,
                  "totalInteractionsInSession": 22,
                  "previousInteractionType": "hover_end",
                  "sessionDuration": 8472,
                  "drawerOpen": false,
                  "tooltipVisible": true,
                  "otherBadgesInteracted": [
                    "Missing Data"
                  ],
                  "viewportWidth": 1512,
                  "viewportHeight": 823
                },
                {
                  "interactionId": "5_1759499839738",
                  "interactionType": "hover_end",
                  "timestamp": 1759499839738,
                  "duration": 251,
                  "timeSinceLastInteraction": 251,
                  "totalInteractionsInSession": 23,
                  "previousInteractionType": "hover_start",
                  "sessionDuration": 8723,
                  "drawerOpen": false,
                  "tooltipVisible": false,
                  "otherBadgesInteracted": [
                    "Missing Data"
                  ],
                  "viewportWidth": 1512,
                  "viewportHeight": 823
                },
                {
                  "interactionId": "5_1759499839980",
                  "interactionType": "hover_start",
                  "timestamp": 1759499839980,
                  "duration": 0,
                  "timeSinceLastInteraction": 1,
                  "totalInteractionsInSession": 26,
                  "previousInteractionType": "hover_end",
                  "sessionDuration": 8965,
                  "drawerOpen": false,
                  "tooltipVisible": true,
                  "otherBadgesInteracted": [
                    "Missing Data"
                  ],
                  "viewportWidth": 1512,
                  "viewportHeight": 823
                },
                {
                  "interactionId": "5_1759499840245",
                  "interactionType": "hover_end",
                  "timestamp": 1759499840245,
                  "duration": 265,
                  "timeSinceLastInteraction": 265,
                  "totalInteractionsInSession": 27,
                  "previousInteractionType": "hover_start",
                  "sessionDuration": 9230,
                  "drawerOpen": false,
                  "tooltipVisible": false,
                  "otherBadgesInteracted": [
                    "Missing Data"
                  ],
                  "viewportWidth": 1512,
                  "viewportHeight": 823
                },
                {
                  "interactionId": "5_1759499840437",
                  "interactionType": "hover_start",
                  "timestamp": 1759499840437,
                  "duration": 0,
                  "timeSinceLastInteraction": 8,
                  "totalInteractionsInSession": 30,
                  "previousInteractionType": "hover_end",
                  "sessionDuration": 9422,
                  "drawerOpen": false,
                  "tooltipVisible": true,
                  "otherBadgesInteracted": [
                    "Missing Data"
                  ],
                  "viewportWidth": 1512,
                  "viewportHeight": 823
                },
                {
                  "interactionId": "5_1759499840454",
                  "interactionType": "hover_end",
                  "timestamp": 1759499840454,
                  "duration": 17,
                  "timeSinceLastInteraction": 17,
                  "totalInteractionsInSession": 31,
                  "previousInteractionType": "hover_start",
                  "sessionDuration": 9439,
                  "drawerOpen": false,
                  "tooltipVisible": false,
                  "otherBadgesInteracted": [
                    "Missing Data"
                  ],
                  "viewportWidth": 1512,
                  "viewportHeight": 823
                }
              ],
              "firstInteractionTime": 1759499834150,
              "lastInteractionTime": 1759499840454,
              "firstInteractionType": "hover_start",
              "lastInteractionType": "hover_end"
            },
            "8": {
              "badgeId": "8",
              "badgeLabel": "CC BY Licence",
              "badgeType": "BINARY",
              "badgeCategory": "INFORMATION",
              "badgeTopics": [
                "License"
              ],
              "hasDetailedInfo": true,
              "hasExternalLink": false,
              "totalInteractions": 12,
              "totalClicks": 0,
              "totalHoverStarts": 6,
              "totalHoverEnds": 6,
              "totalDrawerOpens": 0,
              "totalDrawerCloses": 0,
              "totalTimeSpent": 2759,
              "totalHoverTime": 2759,
              "totalDrawerTime": 0,
              "interactions": [
                {
                  "interactionId": "8_1759499833939",
                  "interactionType": "hover_start",
                  "timestamp": 1759499833939,
                  "duration": 0,
                  "timeSinceLastInteraction": 333,
                  "totalInteractionsInSession": 8,
                  "previousInteractionType": "drawer_close",
                  "sessionDuration": 2924,
                  "drawerOpen": false,
                  "tooltipVisible": true,
                  "otherBadgesInteracted": [
                    "Missing Data"
                  ],
                  "viewportWidth": 1512,
                  "viewportHeight": 823
                },
                {
                  "interactionId": "8_1759499834002",
                  "interactionType": "hover_end",
                  "timestamp": 1759499834002,
                  "duration": 63,
                  "timeSinceLastInteraction": 63,
                  "totalInteractionsInSession": 9,
                  "previousInteractionType": "hover_start",
                  "sessionDuration": 2987,
                  "drawerOpen": false,
                  "tooltipVisible": false,
                  "otherBadgesInteracted": [
                    "Missing Data"
                  ],
                  "viewportWidth": 1512,
                  "viewportHeight": 823
                },
                {
                  "interactionId": "8_1759499835996",
                  "interactionType": "hover_start",
                  "timestamp": 1759499835996,
                  "duration": 0,
                  "timeSinceLastInteraction": 12,
                  "totalInteractionsInSession": 12,
                  "previousInteractionType": "hover_end",
                  "sessionDuration": 4981,
                  "drawerOpen": false,
                  "tooltipVisible": true,
                  "otherBadgesInteracted": [
                    "Missing Data"
                  ],
                  "viewportWidth": 1512,
                  "viewportHeight": 823
                },
                {
                  "interactionId": "8_1759499837576",
                  "interactionType": "hover_end",
                  "timestamp": 1759499837576,
                  "duration": 1580,
                  "timeSinceLastInteraction": 1580,
                  "totalInteractionsInSession": 13,
                  "previousInteractionType": "hover_start",
                  "sessionDuration": 6561,
                  "drawerOpen": false,
                  "tooltipVisible": false,
                  "otherBadgesInteracted": [
                    "Missing Data"
                  ],
                  "viewportWidth": 1512,
                  "viewportHeight": 823
                },
                {
                  "interactionId": "8_1759499838306",
                  "interactionType": "hover_start",
                  "timestamp": 1759499838306,
                  "duration": 0,
                  "timeSinceLastInteraction": 13,
                  "totalInteractionsInSession": 16,
                  "previousInteractionType": "hover_end",
                  "sessionDuration": 7291,
                  "drawerOpen": false,
                  "tooltipVisible": true,
                  "otherBadgesInteracted": [
                    "Missing Data"
                  ],
                  "viewportWidth": 1512,
                  "viewportHeight": 823
                },
                {
                  "interactionId": "8_1759499838746",
                  "interactionType": "hover_end",
                  "timestamp": 1759499838746,
                  "duration": 440,
                  "timeSinceLastInteraction": 440,
                  "totalInteractionsInSession": 17,
                  "previousInteractionType": "hover_start",
                  "sessionDuration": 7731,
                  "drawerOpen": false,
                  "tooltipVisible": false,
                  "otherBadgesInteracted": [
                    "Missing Data"
                  ],
                  "viewportWidth": 1512,
                  "viewportHeight": 823
                },
                {
                  "interactionId": "8_1759499839228",
                  "interactionType": "hover_start",
                  "timestamp": 1759499839228,
                  "duration": 0,
                  "timeSinceLastInteraction": 33,
                  "totalInteractionsInSession": 20,
                  "previousInteractionType": "hover_end",
                  "sessionDuration": 8213,
                  "drawerOpen": false,
                  "tooltipVisible": true,
                  "otherBadgesInteracted": [
                    "Missing Data"
                  ],
                  "viewportWidth": 1512,
                  "viewportHeight": 823
                },
                {
                  "interactionId": "8_1759499839479",
                  "interactionType": "hover_end",
                  "timestamp": 1759499839479,
                  "duration": 251,
                  "timeSinceLastInteraction": 251,
                  "totalInteractionsInSession": 21,
                  "previousInteractionType": "hover_start",
                  "sessionDuration": 8464,
                  "drawerOpen": false,
                  "tooltipVisible": false,
                  "otherBadgesInteracted": [
                    "Missing Data"
                  ],
                  "viewportWidth": 1512,
                  "viewportHeight": 823
                },
                {
                  "interactionId": "8_1759499839738",
                  "interactionType": "hover_start",
                  "timestamp": 1759499839738,
                  "duration": 0,
                  "timeSinceLastInteraction": 0,
                  "totalInteractionsInSession": 24,
                  "previousInteractionType": "hover_end",
                  "sessionDuration": 8723,
                  "drawerOpen": false,
                  "tooltipVisible": true,
                  "otherBadgesInteracted": [
                    "Missing Data"
                  ],
                  "viewportWidth": 1512,
                  "viewportHeight": 823
                },
                {
                  "interactionId": "8_1759499839979",
                  "interactionType": "hover_end",
                  "timestamp": 1759499839979,
                  "duration": 241,
                  "timeSinceLastInteraction": 241,
                  "totalInteractionsInSession": 25,
                  "previousInteractionType": "hover_start",
                  "sessionDuration": 8964,
                  "drawerOpen": false,
                  "tooltipVisible": false,
                  "otherBadgesInteracted": [
                    "Missing Data"
                  ],
                  "viewportWidth": 1512,
                  "viewportHeight": 823
                },
                {
                  "interactionId": "8_1759499840245",
                  "interactionType": "hover_start",
                  "timestamp": 1759499840245,
                  "duration": 0,
                  "timeSinceLastInteraction": 0,
                  "totalInteractionsInSession": 28,
                  "previousInteractionType": "hover_end",
                  "sessionDuration": 9230,
                  "drawerOpen": false,
                  "tooltipVisible": true,
                  "otherBadgesInteracted": [
                    "Missing Data"
                  ],
                  "viewportWidth": 1512,
                  "viewportHeight": 823
                },
                {
                  "interactionId": "8_1759499840429",
                  "interactionType": "hover_end",
                  "timestamp": 1759499840429,
                  "duration": 184,
                  "timeSinceLastInteraction": 184,
                  "totalInteractionsInSession": 29,
                  "previousInteractionType": "hover_start",
                  "sessionDuration": 9414,
                  "drawerOpen": false,
                  "tooltipVisible": false,
                  "otherBadgesInteracted": [
                    "Missing Data"
                  ],
                  "viewportWidth": 1512,
                  "viewportHeight": 823
                }
              ],
              "firstInteractionTime": 1759499833939,
              "lastInteractionTime": 1759499840429,
              "firstInteractionType": "hover_start",
              "lastInteractionType": "hover_end"
            },
            "10": {
              "badgeId": "10",
              "badgeLabel": "Missing Data",
              "badgeType": "BINARY",
              "badgeCategory": "DATA",
              "badgeTopics": [
                "Coverage",
                "Exclusions"
              ],
              "hasDetailedInfo": true,
              "hasExternalLink": false,
              "totalInteractions": 7,
              "totalClicks": 1,
              "totalHoverStarts": 2,
              "totalHoverEnds": 2,
              "totalDrawerOpens": 1,
              "totalDrawerCloses": 1,
              "totalTimeSpent": 2399,
              "totalHoverTime": 1191,
              "totalDrawerTime": 1208,
              "interactions": [
                {
                  "interactionId": "10_1759499831015",
                  "interactionType": "hover_start",
                  "timestamp": 1759499831015,
                  "duration": 0,
                  "timeSinceLastInteraction": 0,
                  "totalInteractionsInSession": 1,
                  "previousInteractionType": null,
                  "sessionDuration": 0,
                  "drawerOpen": false,
                  "tooltipVisible": true,
                  "otherBadgesInteracted": [],
                  "viewportWidth": 1512,
                  "viewportHeight": 823
                },
                {
                  "interactionId": "10_1759499831054",
                  "interactionType": "hover_end",
                  "timestamp": 1759499831054,
                  "duration": 39,
                  "timeSinceLastInteraction": 39,
                  "totalInteractionsInSession": 2,
                  "previousInteractionType": "hover_start",
                  "sessionDuration": 39,
                  "drawerOpen": false,
                  "tooltipVisible": false,
                  "otherBadgesInteracted": [],
                  "viewportWidth": 1512,
                  "viewportHeight": 823
                },
                {
                  "interactionId": "10_1759499831272",
                  "interactionType": "hover_start",
                  "timestamp": 1759499831272,
                  "duration": 0,
                  "timeSinceLastInteraction": 218,
                  "totalInteractionsInSession": 3,
                  "previousInteractionType": "hover_end",
                  "sessionDuration": 257,
                  "drawerOpen": false,
                  "tooltipVisible": true,
                  "otherBadgesInteracted": [],
                  "viewportWidth": 1512,
                  "viewportHeight": 823
                },
                {
                  "interactionId": "10_1759499832398",
                  "interactionType": "click",
                  "timestamp": 1759499832398,
                  "duration": 0,
                  "timeSinceLastInteraction": 1126,
                  "totalInteractionsInSession": 4,
                  "previousInteractionType": "hover_start",
                  "sessionDuration": 1383,
                  "drawerOpen": false,
                  "tooltipVisible": true,
                  "otherBadgesInteracted": [],
                  "viewportWidth": 1512,
                  "viewportHeight": 823
                },
                {
                  "interactionId": "10_1759499832398",
                  "interactionType": "drawer_open",
                  "timestamp": 1759499832398,
                  "duration": 0,
                  "timeSinceLastInteraction": 0,
                  "totalInteractionsInSession": 5,
                  "previousInteractionType": "click",
                  "sessionDuration": 1383,
                  "drawerOpen": true,
                  "tooltipVisible": true,
                  "otherBadgesInteracted": [
                    "Missing Data"
                  ],
                  "viewportWidth": 1512,
                  "viewportHeight": 823
                },
                {
                  "interactionId": "10_1759499832424",
                  "interactionType": "hover_end",
                  "timestamp": 1759499832424,
                  "duration": 1152,
                  "timeSinceLastInteraction": 26,
                  "totalInteractionsInSession": 6,
                  "previousInteractionType": "drawer_open",
                  "sessionDuration": 1409,
                  "drawerOpen": true,
                  "tooltipVisible": false,
                  "otherBadgesInteracted": [
                    "Missing Data"
                  ],
                  "viewportWidth": 1512,
                  "viewportHeight": 823
                },
                {
                  "interactionId": "10_1759499833606",
                  "interactionType": "drawer_close",
                  "timestamp": 1759499833606,
                  "duration": 1208,
                  "timeSinceLastInteraction": 1182,
                  "totalInteractionsInSession": 7,
                  "previousInteractionType": "hover_end",
                  "sessionDuration": 2591,
                  "drawerOpen": false,
                  "tooltipVisible": false,
                  "otherBadgesInteracted": [
                    "Missing Data"
                  ],
                  "viewportWidth": 1512,
                  "viewportHeight": 823
                }
              ],
              "firstInteractionTime": 1759499831015,
              "lastInteractionTime": 1759499833606,
              "firstInteractionType": "hover_start",
              "lastInteractionType": "drawer_close"
            }
          },
          "badgeClickCounts": {
            "Missing Data": 1
          },
          "totalTimeOnBadges": 7462,
          "badgeTrackingSummary": {
            "totalInteractions": 31,
            "totalClicks": 1,
            "totalTimeSpent": 8670,
            "totalTimeOnBadges": 7462,
            "uniqueBadgesInteracted": 1,
            "sessionDuration": 22608,
            "averageTimeBetweenInteractions": 753.6,
            "interactionRate": 1.3711960368011322
          },
          "trialEngagement": {
            "timeOnStimulusMs": 24981,
            "timeToFirstBadgeHoverMs": 2373,
            "timeToFirstBadgeClickMs": 3756,
            "totalBadgeInteractions": 31,
            "uniqueBadgesInteracted": 3,
            "proportionTimeOnBadges": 0.29870701733317323
          },
          "badgeAggregates": {
            "5": {
              "badgeId": "5",
              "badgeLabel": "Definition: CO₂ emissions",
              "badgeType": "BINARY",
              "badgeCategory": "DATA",
              "badgeTopics": [
                "Definition",
                "Coverage"
              ],
              "clickCount": 0,
              "totalHoverCount": 6,
              "totalHoverTimeMs": 3512,
              "averageHoverTimeMs": 585.3333333333334,
              "maxHoverTimeMs": 1834,
              "drawerOpenCount": 0,
              "totalDrawerOpenTimeMs": 0,
              "averageDrawerOpenTimeMs": 0,
              "firstClickLatencyMs": null,
              "lastInteractionTs": 1759499840454
            },
            "8": {
              "badgeId": "8",
              "badgeLabel": "CC BY Licence",
              "badgeType": "BINARY",
              "badgeCategory": "INFORMATION",
              "badgeTopics": [
                "License"
              ],
              "clickCount": 0,
              "totalHoverCount": 6,
              "totalHoverTimeMs": 2759,
              "averageHoverTimeMs": 459.8333333333333,
              "maxHoverTimeMs": 1580,
              "drawerOpenCount": 0,
              "totalDrawerOpenTimeMs": 0,
              "averageDrawerOpenTimeMs": 0,
              "firstClickLatencyMs": null,
              "lastInteractionTs": 1759499840429
            },
            "10": {
              "badgeId": "10",
              "badgeLabel": "Missing Data",
              "badgeType": "BINARY",
              "badgeCategory": "DATA",
              "badgeTopics": [
                "Coverage",
                "Exclusions"
              ],
              "clickCount": 1,
              "totalHoverCount": 2,
              "totalHoverTimeMs": 1191,
              "averageHoverTimeMs": 595.5,
              "maxHoverTimeMs": 1152,
              "drawerOpenCount": 1,
              "totalDrawerOpenTimeMs": 1208,
              "averageDrawerOpenTimeMs": 1208,
              "firstClickLatencyMs": 3756,
              "lastInteractionTs": 1759499833606
            }
          },
          "badgeCoverage": {
            "badgesSeenCount": 3,
            "badgesClickedCount": 1,
            "badgesWithDetailsViewedCount": 1,
            "categoriesSeenCounts": {
              "DATA": 2,
              "INFORMATION": 1
            },
            "topicsSeenCounts": {
              "Definition": 1,
              "Coverage": 2,
              "License": 1,
              "Exclusions": 1
            },
            "firstBadge": {
              "id": "10",
              "category": "DATA",
              "latencyMs": 2373
            }
          },
          "availableBadges": [
            {
              "id": "1",
              "label": "Data Source Disclosed",
              "description": "Global Carbon Budget (2024), via OurWorldInData.org/co2-and-greenhouse-gas-emissions.",
              "type": "DATA",
              "badgeType": "BINARY",
              "intent": "CONFIRMATION",
              "topics": [
                "Source"
              ],
              "link": "https://ourworldindata.org/co2-and-greenhouse-gas-emissions",
              "detailedDescription": "detailed-badge-descriptions/badge-1-data-source-disclosed.md",
              "hasTooltip": true,
              "hasDrawer": true,
              "tooltipContent": "Global Carbon Budget (2024), via OurWorldInData.org/co2-and-greenhouse-gas-emissions.",
              "drawerContent": "detailed-badge-descriptions/badge-1-data-source-disclosed.md",
              "category": "DATA",
              "subcategory": "BINARY",
              "tags": [
                "Source"
              ],
              "isInteractive": true,
              "canBeClicked": true,
              "canBeHovered": true,
              "hasDetailedInfo": true,
              "hasExternalLink": true,
              "position": {
                "row": "bottom",
                "order": 0
              }
            },
            {
              "id": "5",
              "label": "Definition: CO₂ emissions",
              "description": "CO₂ released from burning fossil fuels (coal, oil, gas) and from certain industrial processes. Includes emissions from transport, electricity generation, heating, and industry, plus gas flaring. Also includes process CO₂ from cement and steel production.",
              "type": "DATA",
              "badgeType": "BINARY",
              "intent": "INFORMATION",
              "topics": [
                "Definition",
                "Coverage"
              ],
              "link": "",
              "detailedDescription": "detailed-badge-descriptions/badge-5-definition-fossil-co2.md",
              "hasTooltip": true,
              "hasDrawer": true,
              "tooltipContent": "CO₂ released from burning fossil fuels (coal, oil, gas) and from certain industrial processes. Includes emissions from transport, electricity generation, heating, and industry, plus gas flaring. Also includes process CO₂ from cement and steel production.",
              "drawerContent": "detailed-badge-descriptions/badge-5-definition-fossil-co2.md",
              "category": "DATA",
              "subcategory": "BINARY",
              "tags": [
                "Definition",
                "Coverage"
              ],
              "isInteractive": true,
              "canBeClicked": true,
              "canBeHovered": true,
              "hasDetailedInfo": true,
              "hasExternalLink": false,
              "position": {
                "row": "bottom",
                "order": 1
              }
            },
            {
              "id": "8",
              "label": "CC BY Licence",
              "description": "Creative Commons Attribution (CC BY).",
              "type": "INFORMATION",
              "badgeType": "BINARY",
              "intent": "INFORMATION",
              "topics": [
                "License"
              ],
              "link": "",
              "detailedDescription": "detailed-badge-descriptions/badge-cc-by.md",
              "hasTooltip": true,
              "hasDrawer": true,
              "tooltipContent": "Creative Commons Attribution (CC BY).",
              "drawerContent": "detailed-badge-descriptions/badge-cc-by.md",
              "category": "INFORMATION",
              "subcategory": "BINARY",
              "tags": [
                "License"
              ],
              "isInteractive": true,
              "canBeClicked": true,
              "canBeHovered": true,
              "hasDetailedInfo": true,
              "hasExternalLink": false,
              "position": {
                "row": "bottom",
                "order": 2
              }
            },
            {
              "id": "10",
              "label": "Missing Data",
              "description": "These figures don’t include CO₂ emissions from land-use change (e.g., deforestation or reforestation).",
              "type": "DATA",
              "badgeType": "BINARY",
              "intent": "WARNING",
              "topics": [
                "Coverage",
                "Exclusions"
              ],
              "link": "",
              "detailedDescription": "detailed-badge-descriptions/badge-missing-data.md",
              "hasTooltip": true,
              "hasDrawer": true,
              "tooltipContent": "These figures don’t include CO₂ emissions from land-use change (e.g., deforestation or reforestation).",
              "drawerContent": "detailed-badge-descriptions/badge-missing-data.md",
              "category": "DATA",
              "subcategory": "BINARY",
              "tags": [
                "Coverage",
                "Exclusions"
              ],
              "isInteractive": true,
              "canBeClicked": true,
              "canBeHovered": true,
              "hasDetailedInfo": true,
              "hasExternalLink": false,
              "position": {
                "row": "bottom",
                "order": 3
              }
            }
          ]
        },
        "trialOrder": "4",
        "componentName": "co2-emissions-badges",
        "incorrectAnswers": {},
        "startTime": 1759499828627,
        "endTime": 1759499855421,
        "timedOut": false,
        "helpButtonClickedCount": 0
      },
      "global-warming-projection-badges_5": {
        "identifier": "global-warming-projection-badges_5",
        "answer": {
          "main-observations": "Julia amica mea est",
          "badgeStats": {},
          "totalBadgeClicks": 0,
          "totalBadgeTimeSpent": 0,
          "badgeTrackingData": {
            "summary": {
              "totalInteractions": 0,
              "totalClicks": 0,
              "totalTimeSpent": 0,
              "totalTimeOnBadges": 0,
              "uniqueBadgesInteracted": 0,
              "sessionDuration": 0,
              "averageTimeBetweenInteractions": 0,
              "interactionRate": 0
            },
            "badgeInteractions": {},
            "badgeStats": {},
            "clickCounts": {},
            "sessionStartTime": 1759499865686,
            "sessionEndTime": 1759499865686
          },
          "badgeInteractions": {},
          "badgeClickCounts": {},
          "totalTimeOnBadges": 0,
          "badgeTrackingSummary": {
            "totalInteractions": 0,
            "totalClicks": 0,
            "totalTimeSpent": 0,
            "totalTimeOnBadges": 0,
            "uniqueBadgesInteracted": 0,
            "sessionDuration": 0,
            "averageTimeBetweenInteractions": 0,
            "interactionRate": 0
          },
          "trialEngagement": {
            "timeOnStimulusMs": 10207,
            "timeToFirstBadgeHoverMs": null,
            "timeToFirstBadgeClickMs": null,
            "totalBadgeInteractions": 0,
            "uniqueBadgesInteracted": 0,
            "proportionTimeOnBadges": 0
          },
          "badgeAggregates": {},
          "badgeCoverage": {
            "badgesSeenCount": 0,
            "badgesClickedCount": 0,
            "badgesWithDetailsViewedCount": 0,
            "categoriesSeenCounts": {},
            "topicsSeenCounts": {},
            "firstBadge": null
          },
          "availableBadges": []
        },
        "trialOrder": "5",
        "componentName": "global-warming-projection-badges",
        "incorrectAnswers": {},
        "startTime": 1759499855466,
        "endTime": 1759499866806,
        "timedOut": false,
        "helpButtonClickedCount": 0
      },
      "badge-questionaire-1_7": {
        "identifier": "badge-questionaire-1_7",
        "answer": {
          "noticed-in-task": "Yes",
          "noticed-interactivity": "Yes",
          "notice-comments": "https://mind-the-badge.github.io/study/mind-the-badge/",
          "experience-with-badges": "https://mind-the-badge.github.io/study/mind-the-badge/",
          "ease-of-understanding": "https://mind-the-badge.github.io/study/mind-the-badge/",
          "considered-in-notes": "https://mind-the-badge.github.io/study/mind-the-badge/",
          "most-least-useful": "https://mind-the-badge.github.io/study/mind-the-badge/",
          "overall-help": "https://mind-the-badge.github.io/study/mind-the-badge/"
        },
        "trialOrder": "7",
        "componentName": "badge-questionaire-1",
        "incorrectAnswers": {},
        "startTime": 1759499868314,
        "endTime": 1759499878093,
        "timedOut": false,
        "helpButtonClickedCount": 0
      },
      "badge-questionaire-2_8": {
        "identifier": "badge-questionaire-2_8",
        "answer": {
          "saliency": "1",
          "clutter": "1",
          "interpretability": "2",
          "usefulness": "2",
          "trust": "2",
          "standardization": "2",
          "final-comments": "https://mind-the-badge.github.io/study/mind-the-badge/"
        },
        "trialOrder": "8",
        "componentName": "badge-questionaire-2",
        "incorrectAnswers": {},
        "startTime": 1759499878154,
        "endTime": 1759499886285,
        "timedOut": false,
        "helpButtonClickedCount": 0
      },
      "demographics-custom_9": {
        "answer": {
          "gender": "Woman",
          "gender-other": "",
          "age": "18-24 years",
          "education": "High school diploma or equivalent (e.g., GED, Matura)",
          "education-other": "",
          "field-of-study": "Humanities",
          "field-of-study-other": "",
          "chart-reading-frequency": "Frequently (daily or almost daily)",
          "chart-creation-frequency": "Rarely (few times per year)",
          "color-vision": "Not sure",
          "color-vision-type": "https://mind-the-badge.github.io/study/mind-the-badge/"
        },
        "trialOrder": "9",
        "componentName": "demographics-custom",
        "incorrectAnswers": {},
        "startTime": 1759499886349,
        "endTime": 1759499896693,
        "timedOut": false,
        "helpButtonClickedCount": 0
      }
    },
    "searchParams": {},
    "metadata": {
      "language": "de-DE",
      "userAgent": "Mozilla/5.0 (Macintosh; Intel Mac OS X 10_15_7) AppleWebKit/537.36 (KHTML, like Gecko) Chrome/140.0.0.0 Safari/537.36",
      "resolution": {
        "width": 1512,
        "height": 982,
        "availHeight": 944,
        "availWidth": 1512,
        "colorDepth": 30,
        "orientation": "landscape-primary",
        "pixelDepth": 30
      },
      "ip": "77.205.18.194"
    },
    "completed": true,
    "rejected": false,
    "participantTags": []
  },
  {
    "participantId": "5e9384b2-bfa9-43d0-895e-55fe376028b8",
    "sequence": {
      "orderPath": "root",
      "order": "fixed",
      "components": [
        {
          "id": "group-assignment",
          "orderPath": "root-4",
          "order": "latinSquare",
          "components": [
            {
              "id": "footnote-group",
              "orderPath": "root-4-1",
              "order": "fixed",
              "components": [
                {
                  "orderPath": "root-4-1-0",
                  "order": "random",
                  "components": [
                    "global-warming-projection-footnotes",
                    "co2-emissions-footnotes"
                  ]
                },
                "footnote-questionaire-1",
                "footnote-questionaire-2",
                "demographics-custom"
              ]
            }
          ]
        },
        "end"
      ]
    },
    "participantIndex": 1,
    "answers": {
      "global-warming-projection-footnotes_4": {
        "identifier": "global-warming-projection-footnotes_4",
        "answer": {
          "main-observations": "Lorem Ipsum is simply dummy text of the printing and typesetting industry. Lorem Ipsum has been the industry's standard dummy text ever since the 1500s, when an unknown printer took a galley of type and scrambled it to make a type specimen book. It has survived not only five centuries, but also the leap into electronic typesetting, remaining essentially unchanged. It was popularised in the 1960s with the release of Letraset sheets containing Lorem Ipsum passages, and more recently with desktop publishing software like Aldus PageMaker including versions of Lorem Ipsum"
        },
        "trialOrder": "4",
        "componentName": "global-warming-projection-footnotes",
        "incorrectAnswers": {},
        "startTime": 1759499723523,
        "endTime": 1759499746341,
        "timedOut": false,
        "helpButtonClickedCount": 0
      },
      "co2-emissions-footnotes_5": {
        "identifier": "co2-emissions-footnotes_5",
        "answer": {
          "main-observations": "Lorem Ipsum is simply dummy text of the printing and typesetting industry. Lorem Ipsum has been the industry's standard dummy text ever since the 1500s, when an unknown printer took a galley of type and scrambled it to make a type specimen book. It has survived not only five centuries, but also the leap into electronic typesetting, remaining essentially unchanged. It was popularised in the 1960s with the release of Letraset sheets containing Lorem Ipsum passages, and more recently with desktop publishing software like Aldus PageMaker including versions of Lorem Ipsum"
        },
        "trialOrder": "5",
        "componentName": "co2-emissions-footnotes",
        "incorrectAnswers": {},
        "startTime": 1759499746362,
        "endTime": 1759499752863,
        "timedOut": false,
        "helpButtonClickedCount": 0
      },
      "footnote-questionaire-1_7": {
        "identifier": "footnote-questionaire-1_7",
        "answer": {
          "noticed-in-task": "Yes",
          "ease-of-understanding": "Lorem Ipsum is simply dummy text of the printing and typesetting industry. Lorem Ipsum has been the industry's standard dummy text ever since the 1500s, when an unknown printer took a galley of type and scrambled it to make a type specimen book. It has survived not only five centuries, but also the leap into electronic typesetting, remaining essentially unchanged. It was popularised in the 1960s with the release of Letraset sheets containing Lorem Ipsum passages, and more recently with desktop publishing software like Aldus PageMaker including versions of Lorem Ipsum",
          "considered-in-notes": "Lorem Ipsum is simply dummy text of the printing and typesetting industry. Lorem Ipsum has been the industry's standard dummy text ever since the 1500s, when an unknown printer took a galley of type and scrambled it to make a type specimen book. It has survived not only five centuries, but also the leap into electronic typesetting, remaining essentially unchanged. It was popularised in the 1960s with the release of Letraset sheets containing Lorem Ipsum passages, and more recently with desktop publishing software like Aldus PageMaker including versions of Lorem Ipsum",
          "overall-help": "Lorem Ipsum is simply dummy text of the printing and typesetting industry. Lorem Ipsum has been the industry's standard dummy text ever since the 1500s, when an unknown printer took a galley of type and scrambled it to make a type specimen book. It has survived not only five centuries, but also the leap into electronic typesetting, remaining essentially unchanged. It was popularised in the 1960s with the release of Letraset sheets containing Lorem Ipsum passages, and more recently with desktop publishing software like Aldus PageMaker including versions of Lorem Ipsum"
        },
        "trialOrder": "7",
        "componentName": "footnote-questionaire-1",
        "incorrectAnswers": {},
        "startTime": 1759499754708,
        "endTime": 1759499761278,
        "timedOut": false,
        "helpButtonClickedCount": 0
      },
      "footnote-questionaire-2_8": {
        "identifier": "footnote-questionaire-2_8",
        "answer": {
          "saliency": "1",
          "clutter": "1",
          "interpretability": "1",
          "usefulness": "1",
          "trust": "2",
          "standardization": "4",
          "final-comments": "Lorem Ipsum is simply dummy text of the printing and typesetting industry. Lorem Ipsum has been the industry's standard dummy text ever since the 1500s, when an unknown printer took a galley of type and scrambled it to make a type specimen book. It has survived not only five centuries, but also the leap into electronic typesetting, remaining essentially unchanged. It was popularised in the 1960s with the release of Letraset sheets containing Lorem Ipsum passages, and more recently with desktop publishing software like Aldus PageMaker including versions of Lorem Ipsum"
        },
        "trialOrder": "8",
        "componentName": "footnote-questionaire-2",
        "incorrectAnswers": {},
        "startTime": 1759499761335,
        "endTime": 1759499769669,
        "timedOut": false,
        "helpButtonClickedCount": 0
      },
      "demographics-custom_9": {
        "answer": {
          "gender": "Woman",
          "gender-other": "",
          "age": "18-24 years",
          "education": "Less than high school",
          "education-other": "",
          "field-of-study": "Data Science / Statistics",
          "field-of-study-other": "",
          "chart-reading-frequency": "Occasionally (few times per month)",
          "chart-creation-frequency": "Frequently (daily or almost daily)",
          "color-vision": "Yes",
          "color-vision-type": "ASd"
        },
        "trialOrder": "9",
        "componentName": "demographics-custom",
        "incorrectAnswers": {},
        "startTime": 1759499769725,
        "endTime": 1759499780461,
        "timedOut": false,
        "helpButtonClickedCount": 0
      }
    },
    "searchParams": {},
    "metadata": {
      "language": "de-DE",
      "userAgent": "Mozilla/5.0 (Macintosh; Intel Mac OS X 10_15_7) AppleWebKit/537.36 (KHTML, like Gecko) Chrome/140.0.0.0 Safari/537.36",
      "resolution": {
        "width": 1512,
        "height": 982,
        "availHeight": 944,
        "availWidth": 1512,
        "colorDepth": 30,
        "orientation": "landscape-primary",
        "pixelDepth": 30
      },
      "ip": "77.205.18.194"
    },
    "completed": true,
    "rejected": false,
    "participantTags": []
  }
]