readableId,participantGroup,participantId,participantIndex,completed,ip,country,language,userAgent,resolutionWidth,resolutionHeight
echo,badge-group,60cf0d251a90eb823bc9b740,20,True,90.241.160.53,United Kingdom,en-GB,"Mozilla/5.0 (Windows NT 10.0; Win64; x64) AppleWebKit/537.36 (KHTML, like Gecko) Chrome/142.0.0.0 Safari/537.36 Edg/142.0.0.0",1920,1080
delta,footnote-group,6369700320bc7dd22e733009,19,True,108.89.4.171,United States,en-US,"Mozilla/5.0 (Windows NT 10.0; Win64; x64) AppleWebKit/537.36 (KHTML, like Gecko) Chrome/142.0.0.0 Safari/537.36",1275,797
charlie,footnote-group,7b88dea0-0445-4362-b670-01be60f5195b,11,True,104.28.30.155,United Kingdom,en-US,"Mozilla/5.0 (Macintosh; Intel Mac OS X 10_15_7) AppleWebKit/605.1.15 (KHTML, like Gecko) Version/18.6 Safari/605.1.15",1024,1366
bravo,badge-group,782e2f94-ade5-4279-94aa-9dcdb26abbcd,9,True,104.28.30.123,United Kingdom,en-GB,"Mozilla/5.0 (Macintosh; Intel Mac OS X 10_15_7) AppleWebKit/605.1.15 (KHTML, like Gecko) Version/26.0.1 Safari/605.1.15",1512,859
alpha,badge-group,5101b146-ce6f-4f61-8818-118229a2308b,7,True,,,en-GB,Mozilla/5.0 (Windows NT 10.0; Win64; x64; rv:145.0) Gecko/20100101 Firefox/145.0,1707,1067
