stimulusId,badgeId,badgeLabel,clickCount,firstBadgeClickCount,hoverCount,drawerOpenCount,totalHoverTime,maxHoverTime,minHoverTime,totalDrawerOpenTime,maxDrawerOpenTime,minDrawerOpenTime
co2-emissions,cc-by-licence__co2-emissions,CC BY Licence,0,0,6,0,5.028,1.431,0.016,0.0,,
co2-emissions,data-source-disclosed__co2-emissions,Data Source Disclosed,0,0,5,0,8.906,4.498,0.034,0.0,,
co2-emissions,definition-co2-emissions__co2-emissions,Definition: CO₂ emissions,0,0,6,0,14.064,10.816,0.049,0.0,,
co2-emissions,missing-data__co2-emissions,Missing Data,0,0,5,0,13.129,4.891,0.08,0.0,,
global-warming-projection,actual-time-offset__global-warming-projection,Actual Time Offset,0,0,9,0,22.334,8.23,0.015,0.0,,
global-warming-projection,contains-predictions__global-warming-projection,Contains Predictions,0,0,4,0,2.551,1.301,0.015,0.0,,
global-warming-projection,data-sources-disclosed__global-warming-projection,Data Sources Disclosed,0,0,8,0,5.935,4.588,0.015,0.0,,
global-warming-projection,uncertainty-shown__global-warming-projection,Uncertainty Shown,0,0,8,0,8.118,6.071,0.016,0.0,,
