stimulusId,badgeId,badgeLabel,clickCount,firstBadgeClickCount,hoverCount,drawerOpenCount,hoverParticipantCount,clickParticipantCount,totalHoverTime,maxHoverTime,minHoverTime,totalDrawerOpenTime,maxDrawerOpenTime,minDrawerOpenTime
co2-emissions,cc-by-licence__co2-emissions,CC BY Licence,2,0,10,2,5,3,4.293,1.416,0.016,18.708,16.827,1.881
co2-emissions,data-source-disclosed__co2-emissions,Data Source Disclosed,2,2,6,2,5,3,8.058,5.237,0.014,28.742,26.112,2.63
co2-emissions,definition-co2-emissions__co2-emissions,Definition: CO₂ emissions,2,0,12,2,5,3,6.07,2.993,0.016,34.132,33.083,1.049
co2-emissions,missing-data__co2-emissions,Missing Data,6,1,8,6,5,3,10.888,3.793,0.066,56.006,43.705,0.971
global-warming-projection,actual-time-offset__global-warming-projection,Actual Time Offset,3,1,16,3,9,4,20.84,5.383,0.017,10.236,3.911,3.128
global-warming-projection,contains-predictions__global-warming-projection,Contains Predictions,4,0,10,4,9,4,14.805,4.265,0.033,28.299,20.393,1.544
global-warming-projection,data-sources-disclosed__global-warming-projection,Data Sources Disclosed,7,1,19,7,9,4,92.706,64.385,0.016,69.969,24.544,0.955
global-warming-projection,multiple-data-sources__global-warming-projection,Multiple Data Sources,9,2,35,9,9,4,78.448,29.871,0.011,85.234,29.081,0.698
global-warming-projection,uncertainty-shown__global-warming-projection,Uncertainty Shown,4,0,18,4,9,4,16.031,4.271,0.016,27.177,19.92,1.19
